program_id,family_id,source_file,generator_seed,loc,num_instructions,num_branches,num_loops,num_functions,num_variables,num_arrays,num_structure,num_union,num_high_inputs,num_low_inputs,num_explicit_flows,num_culprit_blocks,num_implicit_flows,num_information_leak,num_secret_dependent_prints,num_assumptions,num_assertions,num_array_accesses,taint_ratio,secret_branch_ratio,secret_memory_ratio,max_loop_bound_const,loop_to_unwind_ratio,num_tainted_returns,num_tainted_globals,num_tainted_assertions,max_taint_depth,num_secret_bitops,actual_mqil_leakage,actual_mqil_assertions_total,mqil_leak_ratio
R000001,zero_leakage,datasets\random\programs\R000001.c,42037,898,423,56,17,7,136,4,8,3,3,2,326,2,2,6,0,5,114,543,0.0192,0.0172,0.0,2,0.4,0,1,3,3,32,23,912,0.0252
R000002,direct_leakage,datasets\random\programs\R000002.c,42074,611,291,37,12,8,110,4,9,3,3,3,186,0,0,4,0,6,92,365,0.0149,0.0,0.0,2,0.4,0,1,2,2,16,26,668,0.0389
R000003,multi_step_explicit,datasets\random\programs\R000003.c,42111,656,312,40,13,8,116,4,9,3,1,1,214,0,0,12,0,2,100,393,0.0427,0.0,0.0,2,0.4,0,1,6,6,28,24,716,0.0335
R000004,arithmetic_flow,datasets\random\programs\R000004.c,42148,624,288,37,12,6,104,4,7,3,2,2,214,0,0,8,0,4,87,366,0.0328,0.0,0.0,2,0.4,0,1,4,4,26,30,650,0.0462
R000005,bitwise_flow,datasets\random\programs\R000005.c,42185,907,436,55,17,12,151,4,13,4,1,1,288,0,0,10,0,2,140,541,0.0268,0.0,0.0,2,0.4,0,1,5,4,40,32,999,0.032
R000006,implicit_flow,datasets\random\programs\R000006.c,42222,1312,616,84,27,7,183,4,8,3,3,2,0,2,4,0,0,5,150,799,0.0,0.0123,0.0,2,0.4,0,0,0,0,2,23,1302,0.0177
R000007,nested_implicit_flow,datasets\random\programs\R000007.c,42259,549,271,33,9,13,121,4,15,4,3,2,0,6,20,0,0,5,108,311,0.0,0.0632,0.0,2,0.4,0,0,0,0,6,29,671,0.0432
R000008,secret_dependent_loops,datasets\random\programs\R000008.c,42296,623,294,37,12,9,115,4,10,3,3,3,2,1,2,2,0,6,97,360,0.007,0.0114,0.0,2,0.4,0,0,1,1,2,25,685,0.0365
R000009,secret_dependent_array,datasets\random\programs\R000009.c,42333,909,425,56,18,7,139,5,9,3,2,2,326,0,0,6,0,4,116,551,0.0189,0.0,0.0036,2,0.4,0,1,3,3,32,23,931,0.0247
R000010,mixed_control_data,datasets\random\programs\R000010.c,42370,892,423,54,17,11,151,4,13,4,3,2,286,2,4,6,0,5,132,524,0.0163,0.0163,0.0,2,0.4,0,1,3,3,38,29,963,0.0301
R000011,zero_leakage,datasets\random\programs\R000011.c,42407,558,270,32,10,11,119,4,13,4,2,2,136,2,2,6,0,4,103,324,0.0194,0.0233,0.0,2,0.4,0,1,3,3,12,27,653,0.0413
R000012,direct_leakage,datasets\random\programs\R000012.c,42444,725,348,42,13,11,131,4,13,4,1,3,210,0,0,4,0,4,117,432,0.0122,0.0,0.0,2,0.4,0,1,2,2,18,29,807,0.0359
R000013,multi_step_explicit,datasets\random\programs\R000013.c,42481,1034,477,64,21,6,148,4,8,3,1,1,398,0,0,12,0,2,125,618,0.0367,0.0,0.0,2,0.4,0,1,6,6,48,22,1024,0.0215
R000014,arithmetic_flow,datasets\random\programs\R000014.c,42518,820,394,49,15,12,147,4,13,4,3,3,246,0,0,8,0,6,131,485,0.0217,0.0,0.0,2,0.4,0,1,4,4,28,36,921,0.0391
R000015,bitwise_flow,datasets\random\programs\R000015.c,42555,760,358,46,14,7,117,4,8,3,1,2,268,0,0,10,0,3,104,459,0.0369,0.0,0.0,2,0.4,0,1,5,4,38,27,788,0.0343
R000016,implicit_flow,datasets\random\programs\R000016.c,42592,935,438,58,18,9,152,4,11,3,3,2,0,2,4,0,0,5,123,548,0.0,0.0161,0.0,2,0.4,0,0,0,0,2,25,966,0.0259
R000017,nested_implicit_flow,datasets\random\programs\R000017.c,42629,516,244,32,9,8,94,4,10,3,3,2,0,6,20,0,0,5,82,293,0.0,0.0759,0.0,2,0.4,0,0,0,0,6,24,566,0.0424
R000018,secret_dependent_loops,datasets\random\programs\R000018.c,42666,589,272,36,12,5,95,4,6,3,3,2,2,1,2,2,0,5,78,351,0.0092,0.0132,0.0,2,0.4,0,0,1,1,2,21,609,0.0345
R000019,secret_dependent_array,datasets\random\programs\R000019.c,42703,653,298,39,12,5,100,5,7,3,3,1,230,0,0,6,0,4,84,387,0.0268,0.0,0.0052,2,0.4,0,1,3,3,24,21,663,0.0317
R000020,mixed_control_data,datasets\random\programs\R000020.c,42740,766,371,46,14,12,144,4,14,4,1,3,220,2,4,6,0,4,125,453,0.0165,0.0177,0.0,2,0.4,0,1,3,3,30,30,867,0.0346
R000021,zero_leakage,datasets\random\programs\R000021.c,42777,586,276,35,10,7,100,4,9,3,2,1,186,2,2,6,0,3,86,347,0.0252,0.0247,0.0,2,0.4,0,1,3,3,18,23,618,0.0372
R000022,direct_leakage,datasets\random\programs\R000022.c,42814,1206,568,76,24,7,167,4,8,3,1,1,462,0,0,4,0,2,141,739,0.0107,0.0,0.0,2,0.4,0,1,2,2,44,25,1204,0.0208
R000023,multi_step_explicit,datasets\random\programs\R000023.c,42851,1528,719,95,31,11,225,4,13,4,2,3,572,0,0,12,0,5,192,924,0.0233,0.0,0.0,2,0.4,0,1,6,6,64,27,1557,0.0173
R000024,arithmetic_flow,datasets\random\programs\R000024.c,42888,1379,646,87,28,9,197,4,10,3,3,3,520,0,0,8,0,6,165,828,0.0179,0.0,0.0,2,0.4,0,1,4,4,56,33,1394,0.0237
R000025,bitwise_flow,datasets\random\programs\R000025.c,42925,549,251,32,10,5,93,4,7,3,3,2,186,0,0,10,0,5,76,323,0.0474,0.0,0.0,2,0.4,0,1,5,4,30,25,564,0.0443
R000026,implicit_flow,datasets\random\programs\R000026.c,42962,708,346,43,13,13,138,4,14,4,3,2,0,2,4,0,0,5,123,415,0.0,0.018,0.0,2,0.4,0,0,0,0,2,29,827,0.0351
R000027,nested_implicit_flow,datasets\random\programs\R000027.c,42999,818,397,51,15,13,148,4,15,4,2,2,0,6,20,0,0,4,132,479,0.0,0.048,0.0,2,0.4,0,0,0,0,6,29,923,0.0314
R000028,secret_dependent_loops,datasets\random\programs\R000028.c,43036,600,289,35,12,11,122,4,13,4,1,1,2,1,2,2,0,2,107,352,0.0064,0.0111,0.0,2,0.4,0,0,1,1,2,27,700,0.0386
R000029,secret_dependent_array,datasets\random\programs\R000029.c,43073,569,262,33,11,6,101,5,8,3,2,3,184,0,0,6,0,5,82,338,0.0253,0.0,0.0059,2,0.4,0,1,3,3,18,22,597,0.0369
R000030,mixed_control_data,datasets\random\programs\R000030.c,43110,1716,808,110,35,9,229,4,10,3,3,1,672,2,4,6,0,4,194,1044,0.0118,0.0095,0.0,2,0.4,0,1,3,3,76,27,1706,0.0158
R000031,zero_leakage,datasets\random\programs\R000031.c,43147,558,258,34,10,5,87,4,6,3,1,1,192,2,2,6,0,2,75,327,0.0299,0.027,0.0,2,0.4,0,1,3,3,20,21,572,0.0367
R000032,direct_leakage,datasets\random\programs\R000032.c,43184,546,259,31,9,9,105,4,11,3,2,3,146,0,0,4,0,5,89,316,0.0153,0.0,0.0,2,0.4,0,1,2,2,12,27,606,0.0446
R000033,multi_step_explicit,datasets\random\programs\R000033.c,43221,642,314,37,11,13,136,4,15,4,1,3,162,0,0,12,0,4,121,379,0.0339,0.0,0.0,2,0.4,0,1,6,6,22,29,767,0.0378
R000034,arithmetic_flow,datasets\random\programs\R000034.c,43258,557,263,32,10,9,108,4,11,3,3,2,152,0,0,8,0,5,92,320,0.03,0.0,0.0,2,0.4,0,1,4,4,18,33,628,0.0525
R000035,bitwise_flow,datasets\random\programs\R000035.c,43295,863,415,52,16,12,149,4,13,4,2,1,268,0,0,10,0,3,136,513,0.027,0.0,0.0,2,0.4,0,1,5,4,38,32,957,0.0334
R000036,implicit_flow,datasets\random\programs\R000036.c,43332,595,291,35,10,12,118,4,13,4,3,1,0,2,4,0,0,4,109,345,0.0,0.0211,0.0,2,0.4,0,0,0,0,2,28,703,0.0398
R000037,nested_implicit_flow,datasets\random\programs\R000037.c,43369,1703,804,110,35,11,238,4,12,4,3,2,0,6,20,0,0,5,203,1028,0.0,0.0276,0.0,2,0.4,0,0,0,0,6,27,1717,0.0157
R000038,secret_dependent_loops,datasets\random\programs\R000038.c,43406,909,436,56,18,12,158,4,13,4,2,2,2,1,2,2,0,4,138,541,0.0051,0.0078,0.0,2,0.4,0,0,1,1,2,28,1002,0.0279
R000039,secret_dependent_array,datasets\random\programs\R000039.c,43443,603,297,35,11,13,127,5,15,4,1,2,138,0,0,6,0,3,116,359,0.018,0.0,0.0056,2,0.4,0,1,3,3,12,29,740,0.0392
R000040,mixed_control_data,datasets\random\programs\R000040.c,43480,846,397,52,16,9,136,4,11,3,2,2,282,2,4,6,0,4,116,492,0.0186,0.0175,0.0,2,0.4,0,1,3,3,38,27,888,0.0304
R000041,zero_leakage,datasets\random\programs\R000041.c,43517,641,312,38,12,11,120,4,12,4,1,1,176,2,2,6,0,2,111,380,0.0195,0.0208,0.0,2,0.4,0,1,3,3,16,27,737,0.0366
R000042,direct_leakage,datasets\random\programs\R000042.c,43554,888,428,54,17,13,162,4,15,4,1,3,264,0,0,4,0,4,139,527,0.0098,0.0,0.0,2,0.4,0,1,2,2,24,31,993,0.0312
R000043,multi_step_explicit,datasets\random\programs\R000043.c,43591,1546,725,98,32,9,220,4,11,3,1,1,596,0,0,12,0,2,182,936,0.0243,0.0,0.0,2,0.4,0,1,6,6,66,25,1548,0.0161
R000044,arithmetic_flow,datasets\random\programs\R000044.c,43628,672,309,40,13,6,109,4,8,3,1,1,234,0,0,8,0,2,91,394,0.0317,0.0,0.0,2,0.4,0,1,4,4,28,30,692,0.0434
R000045,bitwise_flow,datasets\random\programs\R000045.c,43665,1295,604,81,26,9,187,4,11,3,3,3,482,0,0,10,0,6,158,772,0.0238,0.0,0.0,2,0.4,0,1,5,4,60,29,1304,0.0222
R000046,implicit_flow,datasets\random\programs\R000046.c,43702,909,434,55,17,11,154,4,13,4,2,2,0,2,4,0,0,4,133,544,0.0,0.016,0.0,2,0.4,0,0,0,0,2,27,977,0.0276
R000047,nested_implicit_flow,datasets\random\programs\R000047.c,43739,939,444,61,19,8,140,4,10,3,1,1,0,6,20,0,0,2,120,561,0.0,0.0472,0.0,2,0.4,0,0,0,0,6,24,968,0.0248
R000048,secret_dependent_loops,datasets\random\programs\R000048.c,43776,1025,477,64,21,7,155,4,9,3,3,2,2,1,2,2,0,5,125,615,0.0057,0.0078,0.0,2,0.4,0,0,1,1,2,23,1031,0.0223
R000049,secret_dependent_array,datasets\random\programs\R000049.c,43813,1190,556,75,24,7,164,5,8,3,1,3,454,0,0,6,0,4,141,723,0.0164,0.0,0.0028,2,0.4,0,1,3,3,46,23,1193,0.0193
R000050,mixed_control_data,datasets\random\programs\R000050.c,43850,1020,474,64,20,5,139,4,6,3,1,3,398,2,4,6,0,4,116,615,0.0197,0.0161,0.0,2,0.4,0,1,3,3,50,23,1006,0.0229
R000051,zero_leakage,datasets\random\programs\R000051.c,43887,1230,585,77,24,12,189,4,14,4,2,2,426,2,2,6,0,4,166,737,0.0134,0.0121,0.0,2,0.4,0,1,3,3,42,28,1291,0.0217
R000052,direct_leakage,datasets\random\programs\R000052.c,43924,785,367,48,16,6,119,4,7,3,2,1,282,0,0,4,0,3,100,474,0.0147,0.0,0.0,2,0.4,0,1,2,2,26,24,798,0.0301
R000053,multi_step_explicit,datasets\random\programs\R000053.c,43961,531,252,29,9,11,119,4,13,4,3,3,128,0,0,12,0,6,103,300,0.039,0.0,0.0,2,0.4,0,1,6,6,20,27,625,0.0432
R000054,arithmetic_flow,datasets\random\programs\R000054.c,43998,519,249,31,10,8,95,4,9,3,1,1,150,0,0,8,0,2,86,309,0.034,0.0,0.0,2,0.4,0,1,4,4,18,32,594,0.0539
R000055,bitwise_flow,datasets\random\programs\R000055.c,44035,1301,611,83,27,8,186,4,9,3,1,1,500,0,0,10,0,2,156,789,0.0238,0.0,0.0,2,0.4,0,1,5,4,62,28,1312,0.0213
R000056,implicit_flow,datasets\random\programs\R000056.c,44072,633,295,38,12,6,97,4,7,3,1,2,0,2,4,0,0,3,86,374,0.0,0.0244,0.0,2,0.4,0,0,0,0,2,22,650,0.0338
R000057,nested_implicit_flow,datasets\random\programs\R000057.c,44109,867,417,54,16,11,148,4,12,4,1,3,0,6,20,0,0,4,129,516,0.0,0.0484,0.0,2,0.4,0,0,0,0,6,27,939,0.0288
R000058,secret_dependent_loops,datasets\random\programs\R000058.c,44146,1200,574,75,24,12,189,4,13,4,2,3,2,1,2,2,0,5,164,729,0.0044,0.0062,0.0,2,0.4,0,0,1,1,2,28,1274,0.022
R000059,secret_dependent_array,datasets\random\programs\R000059.c,44183,927,441,56,18,11,154,5,12,4,3,1,302,0,0,6,0,4,137,556,0.0159,0.0,0.0036,2,0.4,0,1,3,3,30,27,1006,0.0268
R000060,mixed_control_data,datasets\random\programs\R000060.c,44220,884,412,55,17,7,134,4,9,3,3,1,318,2,4,6,0,4,112,523,0.0196,0.0175,0.0,2,0.4,0,1,3,3,42,25,898,0.0278
R000061,zero_leakage,datasets\random\programs\R000061.c,44257,1377,642,88,28,7,190,4,9,3,3,1,536,2,2,6,0,4,156,831,0.0143,0.0118,0.0,2,0.4,0,1,3,3,54,23,1354,0.017
R000062,direct_leakage,datasets\random\programs\R000062.c,44294,1201,574,74,23,12,187,4,14,4,3,1,412,0,0,4,0,4,163,729,0.009,0.0,0.0,2,0.4,0,1,2,2,38,30,1267,0.0237
R000063,multi_step_explicit,datasets\random\programs\R000063.c,44331,911,436,55,17,12,160,4,13,4,2,3,290,0,0,12,0,5,141,541,0.0303,0.0,0.0,2,0.4,0,1,6,6,36,28,1001,0.028
R000064,arithmetic_flow,datasets\random\programs\R000064.c,44368,822,388,49,15,10,138,4,12,4,2,3,262,0,0,8,0,5,122,485,0.024,0.0,0.0,2,0.4,0,1,4,4,30,34,895,0.038
R000065,bitwise_flow,datasets\random\programs\R000065.c,44405,859,398,53,17,5,126,4,6,3,2,3,326,0,0,10,0,5,104,519,0.0358,0.0,0.0,2,0.4,0,1,5,4,44,25,858,0.0291
R000066,implicit_flow,datasets\random\programs\R000066.c,44442,633,298,39,12,8,108,4,10,3,1,2,0,2,4,0,0,3,93,369,0.0,0.0222,0.0,2,0.4,0,0,0,0,2,24,680,0.0353
R000067,nested_implicit_flow,datasets\random\programs\R000067.c,44479,559,274,34,9,12,117,4,13,4,3,2,0,6,20,0,0,5,105,317,0.0,0.0638,0.0,2,0.4,0,0,0,0,6,28,665,0.0421
R000068,secret_dependent_loops,datasets\random\programs\R000068.c,44516,1128,527,72,24,8,172,4,10,3,2,2,2,1,2,2,0,4,138,677,0.0051,0.0069,0.0,2,0.4,0,0,1,1,2,24,1147,0.0209
R000069,secret_dependent_array,datasets\random\programs\R000069.c,44553,1518,702,96,31,5,200,5,7,3,3,3,614,0,0,6,0,6,161,927,0.0141,0.0,0.0022,2,0.4,0,1,3,3,62,21,1469,0.0143
R000070,mixed_control_data,datasets\random\programs\R000070.c,44590,763,371,46,14,12,143,4,13,4,3,3,220,2,4,6,0,6,125,453,0.0165,0.0177,0.0,2,0.4,0,1,3,3,30,30,867,0.0346
R000071,zero_leakage,datasets\random\programs\R000071.c,44627,548,253,33,10,5,89,4,7,3,1,2,184,2,2,6,0,3,74,323,0.0296,0.0278,0.0,2,0.4,0,1,3,3,18,21,562,0.0374
R000072,direct_leakage,datasets\random\programs\R000072.c,44664,1723,804,110,36,6,222,4,7,3,2,3,700,0,0,4,0,5,183,1058,0.0084,0.0,0.0,2,0.4,0,1,2,2,68,24,1668,0.0144
R000073,multi_step_explicit,datasets\random\programs\R000073.c,44701,935,436,57,18,9,150,4,11,3,3,2,324,0,0,12,0,5,127,548,0.0343,0.0,0.0,2,0.4,0,1,6,6,40,25,970,0.0258
R000074,arithmetic_flow,datasets\random\programs\R000074.c,44738,515,245,30,9,8,95,4,10,3,1,1,148,0,0,8,0,2,85,305,0.0343,0.0,0.0,2,0.4,0,1,4,4,18,32,582,0.055
R000075,bitwise_flow,datasets\random\programs\R000075.c,44775,775,368,47,15,9,131,4,10,3,1,1,254,0,0,10,0,2,113,460,0.0315,0.0,0.0,2,0.4,0,1,5,4,36,29,832,0.0349
R000076,implicit_flow,datasets\random\programs\R000076.c,44812,642,306,38,11,10,119,4,12,4,2,1,0,2,4,0,0,3,104,373,0.0,0.0211,0.0,2,0.4,0,0,0,0,2,26,719,0.0362
R000077,nested_implicit_flow,datasets\random\programs\R000077.c,44849,1544,719,100,32,6,205,4,7,3,3,3,0,6,20,0,0,6,166,934,0.0,0.0323,0.0,2,0.4,0,0,0,0,6,22,1494,0.0147
R000078,secret_dependent_loops,datasets\random\programs\R000078.c,44886,741,346,46,15,7,119,4,8,3,1,3,2,1,2,2,0,4,100,439,0.0072,0.0102,0.0,2,0.4,0,0,1,1,2,23,771,0.0298
R000079,secret_dependent_array,datasets\random\programs\R000079.c,44923,1337,625,84,27,9,195,5,11,3,2,2,498,0,0,6,0,4,161,804,0.0135,0.0,0.0025,2,0.4,0,1,3,3,50,25,1351,0.0185
R000080,mixed_control_data,datasets\random\programs\R000080.c,44960,540,256,32,9,7,95,4,8,3,3,2,168,2,4,6,0,5,82,319,0.0261,0.0263,0.0,2,0.4,0,1,3,3,26,25,582,0.043
R000081,zero_leakage,datasets\random\programs\R000081.c,44997,774,371,46,14,11,138,4,13,4,3,1,234,2,2,6,0,4,122,460,0.0175,0.0182,0.0,2,0.4,0,1,3,3,22,27,851,0.0317
R000082,direct_leakage,datasets\random\programs\R000082.c,45034,559,273,31,9,12,118,4,14,4,3,1,126,0,0,4,0,4,106,325,0.0129,0.0,0.0,2,0.4,0,1,2,2,10,30,667,0.045
R000083,multi_step_explicit,datasets\random\programs\R000083.c,45071,642,301,38,12,8,116,4,10,3,1,3,206,0,0,12,0,4,98,377,0.0432,0.0,0.0,2,0.4,0,1,6,6,28,24,692,0.0347
R000084,arithmetic_flow,datasets\random\programs\R000084.c,45108,933,436,57,18,9,152,4,11,3,3,2,320,0,0,8,0,5,125,548,0.0223,0.0,0.0,2,0.4,0,1,4,4,36,33,974,0.0339
R000085,bitwise_flow,datasets\random\programs\R000085.c,45145,730,352,43,13,12,143,4,13,4,2,3,208,0,0,10,0,5,124,429,0.0273,0.0,0.0,2,0.4,0,1,5,4,32,32,831,0.0385
R000086,implicit_flow,datasets\random\programs\R000086.c,45182,1208,569,76,24,9,181,4,10,3,2,3,0,2,4,0,0,5,148,724,0.0,0.013,0.0,2,0.4,0,0,0,0,2,25,1226,0.0204
R000087,nested_implicit_flow,datasets\random\programs\R000087.c,45219,812,378,52,16,6,117,4,7,3,1,1,0,6,20,0,0,2,101,478,0.0,0.0566,0.0,2,0.4,0,0,0,0,6,22,814,0.027
R000088,secret_dependent_loops,datasets\random\programs\R000088.c,45256,590,285,34,11,11,117,4,12,4,3,3,2,1,2,2,0,6,106,348,0.0066,0.0112,0.0,2,0.4,0,0,1,1,2,27,688,0.0392
R000089,secret_dependent_array,datasets\random\programs\R000089.c,45293,560,262,33,10,7,100,5,8,3,1,3,174,0,0,6,0,4,85,331,0.0247,0.0,0.006,2,0.4,0,1,3,3,18,23,605,0.038
R000090,mixed_control_data,datasets\random\programs\R000090.c,45330,1682,791,108,35,9,233,4,10,3,3,3,654,2,4,6,0,6,191,1020,0.0115,0.0097,0.0,2,0.4,0,1,3,3,74,27,1676,0.0161
R000091,zero_leakage,datasets\random\programs\R000091.c,45367,1671,778,108,35,5,216,4,6,3,3,3,684,2,2,6,0,6,174,1023,0.013,0.0102,0.0,2,0.4,0,1,3,3,68,21,1612,0.013
R000092,direct_leakage,datasets\random\programs\R000092.c,45404,591,289,34,10,12,122,4,13,4,2,2,142,0,0,4,0,4,109,345,0.0124,0.0,0.0,2,0.4,0,1,2,2,12,30,701,0.0428
R000093,multi_step_explicit,datasets\random\programs\R000093.c,45441,909,436,55,17,12,160,4,13,4,2,1,290,0,0,12,0,3,141,541,0.0302,0.0,0.0,2,0.4,0,1,6,6,36,28,1001,0.028
R000094,arithmetic_flow,datasets\random\programs\R000094.c,45478,1045,503,64,20,13,179,4,15,4,1,3,338,0,0,8,0,4,155,631,0.0182,0.0,0.0,2,0.4,0,1,4,4,36,37,1149,0.0322
R000095,bitwise_flow,datasets\random\programs\R000095.c,45515,723,335,44,14,5,107,4,6,3,3,1,266,0,0,10,0,4,92,435,0.042,0.0,0.0,2,0.4,0,1,5,4,38,25,732,0.0342
R000096,implicit_flow,datasets\random\programs\R000096.c,45552,1376,636,88,28,5,179,4,7,3,3,2,0,2,4,0,0,5,146,831,0.0,0.0122,0.0,2,0.4,0,0,0,0,2,21,1328,0.0158
R000097,nested_implicit_flow,datasets\random\programs\R000097.c,45589,1553,730,100,31,10,219,4,12,4,3,3,0,6,20,0,0,6,184,933,0.0,0.0302,0.0,2,0.4,0,0,0,0,6,26,1563,0.0166
R000098,secret_dependent_loops,datasets\random\programs\R000098.c,45626,1039,495,64,21,11,170,4,12,4,2,3,2,1,2,2,0,5,146,628,0.0049,0.0072,0.0,2,0.4,0,0,1,1,2,27,1108,0.0244
R000099,secret_dependent_array,datasets\random\programs\R000099.c,45663,1261,600,78,25,11,192,5,12,4,2,1,452,0,0,6,0,3,167,772,0.0132,0.0,0.0026,2,0.4,0,1,3,3,44,27,1320,0.0205
R000100,mixed_control_data,datasets\random\programs\R000100.c,45700,740,350,45,14,9,124,4,11,3,1,3,234,2,4,6,0,4,107,432,0.0202,0.0196,0.0,2,0.4,0,1,3,3,32,27,794,0.034
