program_id,family_id,source_file,miter_file,all_inputs,high_inputs,low_inputs,loc,num_instructions,num_branches,num_loops,num_functions,num_variables,num_arrays,num_structure,num_union,num_high_inputs,num_low_inputs,num_explicit_flows,num_culprit_blocks,num_implicit_flows,num_information_leak,num_secret_dependent_prints,num_assumptions,num_assertions,num_array_accesses,taint_ratio,secret_branch_ratio,secret_memory_ratio,actual_mqil_leakage,leakage_value,actual_mqil_assertions_total
P000001,zero_leakage,datasets\stage1_smoke\programs\P000001.c,datasets\stage1_smoke\miters\P000001_miter.c,"high_sec,pub_val",high_sec,pub_val,21,5,0,0,2,7,0,0,0,1,1,7,0,0,7,0,2,3,0,0.3889,0.0,0.0,0,0,3
P000002,direct_leakage,datasets\stage1_smoke\programs\P000002.c,datasets\stage1_smoke\miters\P000002_miter.c,"key_in,pub_in",key_in,pub_in,21,5,0,0,2,7,0,0,0,1,1,7,0,0,7,0,2,3,0,0.3889,0.0,0.0,3,3,3
P000003,partial_leakage,datasets\stage1_smoke\programs\P000003.c,datasets\stage1_smoke\miters\P000003_miter.c,"secret_k,pub_bias",secret_k,pub_bias,21,5,0,0,2,7,0,0,0,1,1,7,0,0,7,0,2,3,0,0.3889,0.0,0.0,3,3,3
P000004,implicit_flow,datasets\stage1_smoke\programs\P000004.c,datasets\stage1_smoke\miters\P000004_miter.c,"sec_pw,pub_user",sec_pw,pub_user,26,8,1,0,2,7,0,0,0,1,1,4,3,6,4,0,2,3,0,0.2222,1.0,0.0,3,3,3
P000005,arithmetic,datasets\stage1_smoke\programs\P000005.c,datasets\stage1_smoke\miters\P000005_miter.c,"sec_val,pub_scale",sec_val,pub_scale,21,5,0,0,2,7,0,0,0,1,1,7,0,0,7,0,2,3,0,0.3889,0.0,0.0,3,3,3
P000006,bitwise,datasets\stage1_smoke\programs\P000006.c,datasets\stage1_smoke\miters\P000006_miter.c,"sec_token,pub_nonce",sec_token,pub_nonce,21,5,0,0,2,7,0,0,0,1,1,7,0,0,7,0,2,3,0,0.3889,0.0,0.0,3,3,3
P000007,nested_branches,datasets\stage1_smoke\programs\P000007.c,datasets\stage1_smoke\miters\P000007_miter.c,"sec_score,pub_flag",sec_score,pub_flag,26,12,3,0,2,7,0,0,0,1,1,4,9,30,4,0,2,3,0,0.2222,1.0,0.0,3,3,3
P000008,loop_accumulator,datasets\stage1_smoke\programs\P000008.c,datasets\stage1_smoke\miters\P000008_miter.c,"sec_data,pub_seed",sec_data,pub_seed,24,6,1,1,2,8,0,0,0,1,1,7,0,0,7,0,2,3,0,0.3333,0.0,0.0,3,3,3
P000009,array_lookup,datasets\stage1_smoke\programs\P000009.c,datasets\stage1_smoke\miters\P000009_miter.c,"sec_idx,pub_base",sec_idx,pub_base,22,7,1,0,2,8,1,0,0,1,1,10,3,3,7,0,2,3,1,0.3333,1.0,1.0,3,3,3
P000010,mixed_control_data,datasets\stage1_smoke\programs\P000010.c,datasets\stage1_smoke\miters\P000010_miter.c,"sec_param,pub_config",sec_param,pub_config,25,8,2,1,2,9,1,0,0,1,1,4,3,6,4,0,2,4,5,0.16,0.5,0.0,3,3,4
P000011,multi_secret,datasets\stage1_smoke\programs\P000011.c,datasets\stage1_smoke\miters\P000011_miter.c,"sec_key1,sec_key2,pub_nonce","sec_key1,sec_key2",pub_nonce,22,5,0,0,2,9,0,0,0,2,1,7,0,0,7,0,3,3,0,0.3043,0.0,0.0,3,3,3
P000012,zero_leakage_cancel,datasets\stage1_smoke\programs\P000012.c,datasets\stage1_smoke\miters\P000012_miter.c,"sec_pin,pub_mode",sec_pin,pub_mode,21,5,0,0,2,7,0,0,0,1,1,7,0,0,7,0,2,3,0,0.3889,0.0,0.0,0,0,3
