program_id,family_id,source_file,miter_file,all_inputs,high_inputs,low_inputs,sha256,loc,num_instructions,num_branches,num_loops,num_functions,num_variables,num_arrays,num_structure,num_union,num_high_inputs,num_low_inputs,num_explicit_flows,num_culprit_blocks,num_implicit_flows,num_information_leak,num_secret_dependent_prints,num_assumptions,num_assertions,num_array_accesses,taint_ratio,secret_branch_ratio,secret_memory_ratio,max_loop_bound_const,loop_to_unwind_ratio,num_tainted_returns,num_tainted_globals,num_tainted_assertions,max_taint_depth,num_secret_bitops,actual_mqil_leakage,leakage_value,actual_mqil_assertions_total
P000001,zero_leakage,datasets\stage2_pipeline\programs\P000001.c,datasets\stage2_pipeline\miters\P000001_miter.c,"high_sec,pub_val",high_sec,pub_val,698b0f5cea82fd4fc05e4d81ac293f2fa4d6817cb14c5e0579ac03dc391781ce,23,6,0,0,2,8,0,0,0,1,1,9,0,0,9,0,2,4,0,0.45,0.0,0.0,0,0.0,1,1,4,4,2,0,0,4
P000002,zero_leakage,datasets\stage2_pipeline\programs\P000002.c,datasets\stage2_pipeline\miters\P000002_miter.c,"high_sec,pub_val",high_sec,pub_val,79933835ee71d201adf4b1569767998c5ddc0f9cf715778c30e59159b9ff7e7b,23,6,0,0,2,8,0,0,0,1,1,9,0,0,9,0,2,4,0,0.45,0.0,0.0,0,0.0,1,1,4,4,2,0,0,4
P000003,zero_leakage,datasets\stage2_pipeline\programs\P000003.c,datasets\stage2_pipeline\miters\P000003_miter.c,"high_sec,pub_val",high_sec,pub_val,ba768f6305ed8530bcb2a7e24c6ef1dccc6f234fbaaf62cf4f34ecb23ffa55cb,23,6,0,0,2,8,0,0,0,1,1,9,0,0,9,0,2,4,0,0.45,0.0,0.0,0,0.0,1,1,4,4,2,0,0,4
P000004,zero_leakage,datasets\stage2_pipeline\programs\P000004.c,datasets\stage2_pipeline\miters\P000004_miter.c,"high_sec,pub_val",high_sec,pub_val,6070bb8199d4a5e7576f9062e8477b57a01f67291c737279d89ae162afefb9c3,23,6,0,0,2,8,0,0,0,1,1,9,0,0,9,0,2,4,0,0.45,0.0,0.0,0,0.0,1,1,4,4,2,0,0,4
P000005,zero_leakage,datasets\stage2_pipeline\programs\P000005.c,datasets\stage2_pipeline\miters\P000005_miter.c,"high_sec,pub_val",high_sec,pub_val,9f9e5bca1f0babc172bb3ac5590a41b001924553e510594c6a9a1357b74c6f34,23,6,0,0,2,8,0,0,0,1,1,9,0,0,9,0,2,4,0,0.45,0.0,0.0,0,0.0,1,1,4,4,2,0,0,4
P000006,direct_leakage,datasets\stage2_pipeline\programs\P000006.c,datasets\stage2_pipeline\miters\P000006_miter.c,"key_in,pub_in",key_in,pub_in,905e06a4845e49b0a6257dad49eec55d9cf0a47fb5887cd67875df4bfbd9aa78,21,5,0,0,2,7,0,0,0,1,1,7,0,0,7,0,2,3,0,0.3889,0.0,0.0,0,0.0,1,1,3,4,0,3,3,3
P000007,direct_leakage,datasets\stage2_pipeline\programs\P000007.c,datasets\stage2_pipeline\miters\P000007_miter.c,"key_in,pub_in",key_in,pub_in,7199855743d886548946f953b1dea587c5391637e54d2714fe2b63592856ec4d,21,5,0,0,2,7,0,0,0,1,1,7,0,0,7,0,2,3,0,0.3889,0.0,0.0,0,0.0,1,1,3,4,0,3,3,3
P000008,direct_leakage,datasets\stage2_pipeline\programs\P000008.c,datasets\stage2_pipeline\miters\P000008_miter.c,"key_in,pub_in",key_in,pub_in,0021e6f37fef83fdde1cccb15cf49751b954074c2487ea092277a0b3a938522c,21,5,0,0,2,7,0,0,0,1,1,7,0,0,7,0,2,3,0,0.3889,0.0,0.0,0,0.0,1,1,3,4,0,3,3,3
P000009,direct_leakage,datasets\stage2_pipeline\programs\P000009.c,datasets\stage2_pipeline\miters\P000009_miter.c,"key_in,pub_in",key_in,pub_in,b31ab91674f197a2afb565815086076c39cda140a2808fe5438233f6bef750e4,21,5,0,0,2,7,0,0,0,1,1,7,0,0,7,0,2,3,0,0.3889,0.0,0.0,0,0.0,1,1,3,4,0,3,3,3
P000010,direct_leakage,datasets\stage2_pipeline\programs\P000010.c,datasets\stage2_pipeline\miters\P000010_miter.c,"key_in,pub_in",key_in,pub_in,309b7c657a0e27fe11438a8fdfe9859e3f797354ea5639ec636fa538b9f16b2e,21,5,0,0,2,7,0,0,0,1,1,7,0,0,7,0,2,3,0,0.3889,0.0,0.0,0,0.0,1,1,3,4,0,3,3,3
P000011,partial_leakage,datasets\stage2_pipeline\programs\P000011.c,datasets\stage2_pipeline\miters\P000011_miter.c,"secret_k,pub_bias",secret_k,pub_bias,ed2940e61e98c07e6d2a32035fe62b47f086a631cae0e0990f011da4b9c9f196,20,5,0,0,2,6,0,0,0,1,1,4,0,0,4,0,2,2,0,0.2667,0.0,0.0,0,0.0,1,1,2,3,2,2,2,2
P000012,partial_leakage,datasets\stage2_pipeline\programs\P000012.c,datasets\stage2_pipeline\miters\P000012_miter.c,"secret_k,pub_bias",secret_k,pub_bias,d074838ab6abe29824e0caede6f065553f927bb8d95cb273d3a403bc288a6ccf,20,5,0,0,2,6,0,0,0,1,1,4,0,0,4,0,2,2,0,0.2667,0.0,0.0,0,0.0,1,1,2,3,2,2,2,2
P000013,partial_leakage,datasets\stage2_pipeline\programs\P000013.c,datasets\stage2_pipeline\miters\P000013_miter.c,"secret_k,pub_bias",secret_k,pub_bias,bab794ed2cdc50591f3e26be09c05d16112eb57350350bb3bdb1c7a9b7aa23fb,20,5,0,0,2,6,0,0,0,1,1,4,0,0,4,0,2,2,0,0.2667,0.0,0.0,0,0.0,1,1,2,3,2,2,2,2
P000014,partial_leakage,datasets\stage2_pipeline\programs\P000014.c,datasets\stage2_pipeline\miters\P000014_miter.c,"secret_k,pub_bias",secret_k,pub_bias,5d64dac487a913599154d74a1942852595d866e8b9096dcc4ceac367465403c8,20,5,0,0,2,6,0,0,0,1,1,4,0,0,4,0,2,2,0,0.2667,0.0,0.0,0,0.0,1,1,2,3,2,2,2,2
P000015,partial_leakage,datasets\stage2_pipeline\programs\P000015.c,datasets\stage2_pipeline\miters\P000015_miter.c,"secret_k,pub_bias",secret_k,pub_bias,fbafe82fcfb0449d3e11ce442518dcf1c4d0a311750d79e602ee27ac2c42acf9,20,5,0,0,2,6,0,0,0,1,1,4,0,0,4,0,2,2,0,0.2667,0.0,0.0,0,0.0,1,1,2,3,2,2,2,2
P000016,implicit_flow,datasets\stage2_pipeline\programs\P000016.c,datasets\stage2_pipeline\miters\P000016_miter.c,"sec_pw,pub_user",sec_pw,pub_user,08bd0651db984cda2af72cab34e2158e56d45f3f97669d8bfa0abeffc7d27560,26,8,1,0,2,7,0,0,0,1,1,4,3,6,4,0,2,3,0,0.2222,1.0,0.0,0,0.0,0,1,2,2,0,3,3,3
P000017,implicit_flow,datasets\stage2_pipeline\programs\P000017.c,datasets\stage2_pipeline\miters\P000017_miter.c,"sec_pw,pub_user",sec_pw,pub_user,9e097c6ba08920d6995736790b3e0cdc15d5e9ae5803fa1e4b832948ed34f171,26,8,1,0,2,7,0,0,0,1,1,4,3,6,4,0,2,3,0,0.2222,1.0,0.0,0,0.0,0,1,2,2,0,3,3,3
P000018,implicit_flow,datasets\stage2_pipeline\programs\P000018.c,datasets\stage2_pipeline\miters\P000018_miter.c,"sec_pw,pub_user",sec_pw,pub_user,999ba52b013c540da564347fdb50d7817f356b8c4d6954972c0d2b174d3929fe,26,8,1,0,2,7,0,0,0,1,1,4,3,6,4,0,2,3,0,0.2222,1.0,0.0,0,0.0,0,1,2,2,0,3,3,3
P000019,implicit_flow,datasets\stage2_pipeline\programs\P000019.c,datasets\stage2_pipeline\miters\P000019_miter.c,"sec_pw,pub_user",sec_pw,pub_user,c9e1c2645727d8118ae74cfe2a887f008566664c582920675f0c9dfdb3edc443,26,8,1,0,2,7,0,0,0,1,1,4,3,6,4,0,2,3,0,0.2222,1.0,0.0,0,0.0,0,1,2,2,0,3,3,3
P000020,implicit_flow,datasets\stage2_pipeline\programs\P000020.c,datasets\stage2_pipeline\miters\P000020_miter.c,"sec_pw,pub_user",sec_pw,pub_user,c8ff8a4cd677008f9bb5c0141115ec912bf1d0fd93a51ac09cc5d5704374bdc9,26,8,1,0,2,7,0,0,0,1,1,4,3,6,4,0,2,3,0,0.2222,1.0,0.0,0,0.0,0,1,2,2,0,3,3,3
P000021,arithmetic,datasets\stage2_pipeline\programs\P000021.c,datasets\stage2_pipeline\miters\P000021_miter.c,"sec_val,pub_scale",sec_val,pub_scale,e4f4f07e0d2170fb118e12cc61ba053c96f35896bb851a6f323d0e9ac04ca812,20,5,0,0,2,6,0,0,0,1,1,4,0,0,4,0,2,2,0,0.2667,0.0,0.0,0,0.0,1,1,2,3,0,2,2,2
P000022,arithmetic,datasets\stage2_pipeline\programs\P000022.c,datasets\stage2_pipeline\miters\P000022_miter.c,"sec_val,pub_scale",sec_val,pub_scale,2e6fd6686849cafa423b30548e7f4be404ed1d63878a291238de88cb9827598b,20,5,0,0,2,6,0,0,0,1,1,4,0,0,4,0,2,2,0,0.2667,0.0,0.0,0,0.0,1,1,2,3,0,2,2,2
P000023,arithmetic,datasets\stage2_pipeline\programs\P000023.c,datasets\stage2_pipeline\miters\P000023_miter.c,"sec_val,pub_scale",sec_val,pub_scale,2cec286c56c06c97175d92308c0d14ef7bb071dd61e83cdd26825fc7654a2e9b,20,5,0,0,2,6,0,0,0,1,1,4,0,0,4,0,2,2,0,0.2667,0.0,0.0,0,0.0,1,1,2,3,0,2,2,2
P000024,arithmetic,datasets\stage2_pipeline\programs\P000024.c,datasets\stage2_pipeline\miters\P000024_miter.c,"sec_val,pub_scale",sec_val,pub_scale,690f873c849eefdebfe0a373935d9f14ab8549abe4d7abc0cfdac1c9ad957b27,20,5,0,0,2,6,0,0,0,1,1,4,0,0,4,0,2,2,0,0.2667,0.0,0.0,0,0.0,1,1,2,3,0,2,2,2
P000025,arithmetic,datasets\stage2_pipeline\programs\P000025.c,datasets\stage2_pipeline\miters\P000025_miter.c,"sec_val,pub_scale",sec_val,pub_scale,701797bdbb0f939389af8779c7b4765a3db603a5ad1e2945f668a7ce20fb081a,20,5,0,0,2,6,0,0,0,1,1,4,0,0,4,0,2,2,0,0.2667,0.0,0.0,0,0.0,1,1,2,3,0,2,2,2
P000026,bitwise,datasets\stage2_pipeline\programs\P000026.c,datasets\stage2_pipeline\miters\P000026_miter.c,"sec_token,pub_nonce",sec_token,pub_nonce,258d40583d999f7a00f8a31da4c544bfe21bb00550b82790bed704bacf26e522,21,5,0,0,2,7,0,0,0,1,1,7,0,0,7,0,2,3,0,0.3889,0.0,0.0,0,0.0,1,1,3,4,7,3,3,3
P000027,bitwise,datasets\stage2_pipeline\programs\P000027.c,datasets\stage2_pipeline\miters\P000027_miter.c,"sec_token,pub_nonce",sec_token,pub_nonce,bf3af337146c3606f392073991b854f0afe5b6c4b4fc1e60bf19e78ebb363f1b,21,5,0,0,2,7,0,0,0,1,1,7,0,0,7,0,2,3,0,0.3889,0.0,0.0,0,0.0,1,1,3,4,7,3,3,3
P000028,bitwise,datasets\stage2_pipeline\programs\P000028.c,datasets\stage2_pipeline\miters\P000028_miter.c,"sec_token,pub_nonce",sec_token,pub_nonce,40185a88df341609120187b4a950a2e88d3ba6df577b635ebbf293c4c00b48af,21,5,0,0,2,7,0,0,0,1,1,7,0,0,7,0,2,3,0,0.3889,0.0,0.0,0,0.0,1,1,3,4,7,3,3,3
P000029,bitwise,datasets\stage2_pipeline\programs\P000029.c,datasets\stage2_pipeline\miters\P000029_miter.c,"sec_token,pub_nonce",sec_token,pub_nonce,74380cb8df7be0f4ca2d37830abb691415ce23235000275eee28c706a3f31981,21,5,0,0,2,7,0,0,0,1,1,7,0,0,7,0,2,3,0,0.3889,0.0,0.0,0,0.0,1,1,3,4,7,3,3,3
P000030,bitwise,datasets\stage2_pipeline\programs\P000030.c,datasets\stage2_pipeline\miters\P000030_miter.c,"sec_token,pub_nonce",sec_token,pub_nonce,4f5779bf47dff9c240130124e9685eda743f14090c8868d6625a7ed37563d200,21,5,0,0,2,7,0,0,0,1,1,7,0,0,7,0,2,3,0,0.3889,0.0,0.0,0,0.0,1,1,3,4,7,3,3,3
P000031,nested_branches,datasets\stage2_pipeline\programs\P000031.c,datasets\stage2_pipeline\miters\P000031_miter.c,"sec_score,pub_flag",sec_score,pub_flag,fd4a280953eabcf149a96f0783a656d36311f65f5c358f30041a9060d4203198,26,10,2,0,2,7,0,0,0,1,1,4,6,18,4,0,2,3,0,0.2222,1.0,0.0,0,0.0,0,1,2,2,0,3,3,3
P000032,nested_branches,datasets\stage2_pipeline\programs\P000032.c,datasets\stage2_pipeline\miters\P000032_miter.c,"sec_score,pub_flag",sec_score,pub_flag,dda81e3bfc3eb44eec2163f6946a563a49bc833d7fd8a242071e81fbeea1785a,26,10,2,0,2,7,0,0,0,1,1,4,6,18,4,0,2,3,0,0.2222,1.0,0.0,0,0.0,0,1,2,2,0,3,3,3
P000033,nested_branches,datasets\stage2_pipeline\programs\P000033.c,datasets\stage2_pipeline\miters\P000033_miter.c,"sec_score,pub_flag",sec_score,pub_flag,c5f6984c8b3c549c93fe27333d998bdf106974c83ba81fc0a506f20babea7e74,26,10,2,0,2,7,0,0,0,1,1,4,6,18,4,0,2,3,0,0.2222,1.0,0.0,0,0.0,0,1,2,2,0,3,3,3
P000034,nested_branches,datasets\stage2_pipeline\programs\P000034.c,datasets\stage2_pipeline\miters\P000034_miter.c,"sec_score,pub_flag",sec_score,pub_flag,bac30ea08ffcd8ec65a729af63476ac3a2b5f81fcb71f80bb33fc301605dc3e6,26,10,2,0,2,7,0,0,0,1,1,4,6,18,4,0,2,3,0,0.2222,1.0,0.0,0,0.0,0,1,2,2,0,3,3,3
P000035,nested_branches,datasets\stage2_pipeline\programs\P000035.c,datasets\stage2_pipeline\miters\P000035_miter.c,"sec_score,pub_flag",sec_score,pub_flag,9c6d6b4f8cdc772ce546d1c34cfc5e6cb4aeced595a51ad7df295ce13bdd59e4,26,10,2,0,2,7,0,0,0,1,1,4,6,18,4,0,2,3,0,0.2222,1.0,0.0,0,0.0,0,1,2,2,0,3,3,3
P000036,loop_accumulator,datasets\stage2_pipeline\programs\P000036.c,datasets\stage2_pipeline\miters\P000036_miter.c,"sec_data,pub_seed",sec_data,pub_seed,c9da3ee803bf7ef54774c570dca4a286e46ae7c6428f04184cfbb20c6367b22d,24,6,1,1,2,8,0,0,0,1,1,7,0,0,7,0,2,3,0,0.3333,0.0,0.0,2,0.4,1,1,3,4,6,3,3,3
P000037,loop_accumulator,datasets\stage2_pipeline\programs\P000037.c,datasets\stage2_pipeline\miters\P000037_miter.c,"sec_data,pub_seed",sec_data,pub_seed,d20795531d06b9aed80bce11d9191a385000492a7f70b6533bb6d1f527b7192f,24,6,1,1,2,8,0,0,0,1,1,7,0,0,7,0,2,3,0,0.3333,0.0,0.0,3,0.6,1,1,3,4,6,3,3,3
P000038,loop_accumulator,datasets\stage2_pipeline\programs\P000038.c,datasets\stage2_pipeline\miters\P000038_miter.c,"sec_data,pub_seed",sec_data,pub_seed,5689055d9a393884357fff957259d9a3d7f43b5227de2266c7330fcdd4446cec,24,6,1,1,2,8,0,0,0,1,1,7,0,0,7,0,2,3,0,0.3333,0.0,0.0,4,0.8,1,1,3,4,6,3,3,3
P000039,loop_accumulator,datasets\stage2_pipeline\programs\P000039.c,datasets\stage2_pipeline\miters\P000039_miter.c,"sec_data,pub_seed",sec_data,pub_seed,1f0f33eae472bd6bccae36d8d43db6dd4a4261727d5d3431fb7fedc6a5105ff7,24,6,1,1,2,8,0,0,0,1,1,7,0,0,7,0,2,3,0,0.3333,0.0,0.0,5,1.0,1,1,3,4,6,0,0,3
P000040,loop_accumulator,datasets\stage2_pipeline\programs\P000040.c,datasets\stage2_pipeline\miters\P000040_miter.c,"sec_data,pub_seed",sec_data,pub_seed,7dd052e1f9799e08c863f80e3461c767f2bbfc17423889fe27f7373aeedb5537,24,6,1,1,2,8,0,0,0,1,1,7,0,0,7,0,2,3,0,0.3333,0.0,0.0,2,0.4,1,1,3,4,6,3,3,3
P000041,array_lookup,datasets\stage2_pipeline\programs\P000041.c,datasets\stage2_pipeline\miters\P000041_miter.c,"sec_idx,pub_base",sec_idx,pub_base,c92c5e4ef2df0265c0be693c00cd43f0c908e670be6f994ae3e364be3534f648,22,7,1,0,2,8,1,0,0,1,1,10,3,3,7,0,2,3,1,0.3333,1.0,1.0,0,0.0,1,1,3,4,0,3,3,3
P000042,array_lookup,datasets\stage2_pipeline\programs\P000042.c,datasets\stage2_pipeline\miters\P000042_miter.c,"sec_idx,pub_base",sec_idx,pub_base,919b8268095d9220437f55e014b80b706e54c5274ccc2054ec14b7e8102dcdfd,22,7,1,0,2,8,1,0,0,1,1,10,3,3,7,0,2,3,1,0.3333,1.0,1.0,0,0.0,1,1,3,4,0,3,3,3
P000043,array_lookup,datasets\stage2_pipeline\programs\P000043.c,datasets\stage2_pipeline\miters\P000043_miter.c,"sec_idx,pub_base",sec_idx,pub_base,833ab9faa5cb63415ae2b09641bf3bacee1fb829851062d2561132d485a2d48d,22,7,1,0,2,8,1,0,0,1,1,10,3,3,7,0,2,3,1,0.3333,1.0,1.0,0,0.0,1,1,3,4,0,3,3,3
P000044,array_lookup,datasets\stage2_pipeline\programs\P000044.c,datasets\stage2_pipeline\miters\P000044_miter.c,"sec_idx,pub_base",sec_idx,pub_base,6b42b9ca397ce0a8539b27c13a763b9e5066a749e6c047efc358cad3e21022fc,22,7,1,0,2,8,1,0,0,1,1,10,3,3,7,0,2,3,1,0.3333,1.0,1.0,0,0.0,1,1,3,4,0,3,3,3
P000045,array_lookup,datasets\stage2_pipeline\programs\P000045.c,datasets\stage2_pipeline\miters\P000045_miter.c,"sec_idx,pub_base",sec_idx,pub_base,6f1ad6455b99f5f45ac744e1aa2e64951304ac9df484bcfc9253a58b94eb59b3,22,7,1,0,2,8,1,0,0,1,1,10,3,3,7,0,2,3,1,0.3333,1.0,1.0,0,0.0,1,1,3,4,0,3,3,3
P000046,mixed_control_data,datasets\stage2_pipeline\programs\P000046.c,datasets\stage2_pipeline\miters\P000046_miter.c,"sec_param,pub_config",sec_param,pub_config,32f6238024d00c31a9dec166d0cf895aed533ef79e26a7d9e05f4b3cffc91eb9,25,8,2,1,2,9,1,0,0,1,1,4,3,6,4,0,2,4,5,0.16,0.5,0.0,2,0.4,0,1,2,2,6,3,3,4
P000047,mixed_control_data,datasets\stage2_pipeline\programs\P000047.c,datasets\stage2_pipeline\miters\P000047_miter.c,"sec_param,pub_config",sec_param,pub_config,95618daeeb2a85a4363b3e3b215fc8827f44983de99715947d5ed7366d5d953e,25,8,2,1,2,9,1,0,0,1,1,4,3,6,4,0,2,4,5,0.16,0.5,0.0,3,0.6,0,1,2,2,6,3,3,4
P000048,mixed_control_data,datasets\stage2_pipeline\programs\P000048.c,datasets\stage2_pipeline\miters\P000048_miter.c,"sec_param,pub_config",sec_param,pub_config,42fc46a7e5fc91b629a8f88c76f112b3ab7a4c48f7d75699e91065388d365575,25,8,2,1,2,9,1,0,0,1,1,4,3,6,4,0,2,4,5,0.16,0.5,0.0,2,0.4,0,1,2,2,6,3,3,4
P000049,mixed_control_data,datasets\stage2_pipeline\programs\P000049.c,datasets\stage2_pipeline\miters\P000049_miter.c,"sec_param,pub_config",sec_param,pub_config,e5f275346a79429780549e1dde6f7b35ee7f1d2ce62621b9c3449ee5d6d7afd6,25,8,2,1,2,9,1,0,0,1,1,4,3,6,4,0,2,4,5,0.16,0.5,0.0,3,0.6,0,1,2,2,6,3,3,4
P000050,mixed_control_data,datasets\stage2_pipeline\programs\P000050.c,datasets\stage2_pipeline\miters\P000050_miter.c,"sec_param,pub_config",sec_param,pub_config,063fb2669f2ced24f05ec9fbb9b930ca2c239dd55c720dad9a4e80bfb5852ac9,25,8,2,1,2,9,1,0,0,1,1,4,3,6,4,0,2,4,5,0.16,0.5,0.0,2,0.4,0,1,2,2,6,3,3,4
